DE ref,Schoolname,Newcomer,Total enrolment,% Newcomer
1010012,Belmont Primary School,*,254,*
1010063,Currie Primary School,13,175,7.40%
1010146,Euston Street Primary School,81,341,23.80%
1010157,Rosetta Primary School,19,279,6.80%
1010205,Forth River Primary School,0,205,0.00%
1010221,Springfield Primary School,*,175,*
1010232,Harding Memorial Primary School,22,209,10.50%
1010252,Strandtown Primary School,13,976,1.30%
1010255,Elmgrove Primary School,93,674,13.80%
1010266,"Seaview Primary School, Belfast",60,443,13.50%
1010267,Nettlefield Primary School,134,381,35.20%
1010273,Orangefield Primary School,15,468,3.20%
1010282,Carr's Glen Primary School,*,385,*
1010301,Taughmonagh Primary School,14,246,5.70%
1010304,Greenwood Primary School,*,312,*
1010307,Springhill Primary School,11,150,7.30%
1010323,Edenbrooke Primary School,*,300,*
1010324,Stranmillis Primary School,47,466,10.10%
1010325,Ligoniel Primary School,0,185,0.00%
1010806,Finaghy Primary School,24,428,5.60%
1010831,Cavehill Primary School,*,412,*
1013018,Knocknagoney Primary School,17,273,6.20%
1016059,Blackmountain Primary School,0,166,0.00%
1016060,Donegall Road Primary School,15,252,6.00%
1016076,Ballysillan Primary School,7,175,4.00%
1016205,Fane Street Primary School,142,240,59.20%
1016207,Blythefield Primary School,10,103,9.70%
1016242,Dundela Infants School,44,291,15.10%
1016485,Glenwood Primary School,*,531,*
1016498,Malvern Primary School,*,105,*
1016499,Botanic Primary School,103,218,47.20%
1016532,Wheatfield Primary School,0,159,0.00%
1016537,Lowwood Primary School,*,244,*
1016604,"Harmony Primary School, Belfast",0,252,0.00%
1016647,Bunscoil Mhic Reachtain,0,92,0.00%
1016655,Victoria Park Primary School,18,395,4.60%
1030194,"Holy Cross Boys' Primary School, Belfast",0,445,0.00%
1030313,"Our Lady of Lourdes Primary School, Belfast",12,639,1.90%
1030326,"Our Lady's Primary School, Belfast",11,386,2.80%
1030327,Holy Rosary Primary School,235,500,47.00%
1030331,"Holy Cross Girls' Primary School, Belfast",5,188,2.70%
1030868,"St Anne's Primary School, Belfast",89,896,9.90%
1036041,Mercy Primary School,*,214,*
1036042,St Vincent De Paul Primary School,24,279,8.60%
1036048,St Mary's Star of the Sea Primary School,7,145,4.80%
1036075,St Bride's Primary School,157,878,17.90%
1036132,St Therese of Lisieux Primary School,6,440,1.40%
1036140,"St Michael's Primary School, Belfast",27,419,6.40%
1036246,"St Joseph's Primary School, Holland Drive",20,384,5.20%
1036388,"St Mary's Primary School, Divis St",65,132,49.20%
1036466,"St Malachy's Primary School, Belfast",91,381,23.90%
1036471,"Sacred Heart Primary School, Belfast",5,149,3.40%
1036505,"St Matthew's Primary School, Belfast",60,301,19.90%
1036565,St Kevin's Primary School,29,579,5.00%
1036566,"Holy Family Primary School, Belfast",28,487,5.70%
1036576,"Holy Child Primary School, Belfast",0,583,0.00%
1036589,"St Teresa's Primary School, Belfast",22,506,4.30%
1036602,"St Oliver Plunkett Primary School, Belfast",*,638,*
1036620,"St Peter's Primary School, Belfast",*,325,*
1036621,"St Joseph's Primary School, Slate Street",54,228,23.70%
1036623,"Holy Trinity Primary School, Belfast",0,643,0.00%
1036624,"St Paul's Primary School, Belfast",57,342,16.70%
1036630,"St Clare's Primary School, Belfast",25,470,5.30%
1036688,"St John The Baptist Primary School, Belfast",*,392,*
1036697,John Paul II Primary School,*,283,*
1036698,"St Patrick's Primary School, Churchill St",41,546,7.50%
1046501,Bunscoil Phobal Feirste,0,339,0.00%
1046571,Gaelscoil Na Bhfal,0,194,0.00%
1046593,Bunscoil An Tsleibhe Dhuibh,0,191,0.00%
1046596,Bunscoil Bheann Mhadagain,0,158,0.00%
1046641,Scoil An Droichid,0,165,0.00%
1046671,Gaelscoil na Mona,*,125,*
1046672,Gaelscoil an Lonnain,0,60,0.00%
1056483,Cliftonville Integrated Primary School,14,332,4.20%
1056535,Forge Integrated Primary School,37,351,10.50%
1066531,Hazelwood Primary School,48,459,10.50%
1066580,Cranmore Integrated Primary School,12,206,5.80%
1620020,Campbell College Junior School,0,249,0.00%
1620022,Fullerton House Preparatory School,*,151,*
1620023,Downey House School,*,119,*
1620027,Inchmarlo,0,149,0.00%
1620028,Ben Madigan Preparatory School,0,131,0.00%
1620089,Strathearn Prep Dept,*,137,*
1620264,Victoria College Prepatory School,0,152,0.00%
2010380,Londonderry Model Primary School,16,313,5.10%
2010382,Ebrington Controlled Primary School,*,451,*
2011787,Kesh Primary School,*,236,*
2011789,Moat Primary School,*,119,*
2011860,Belleek Primary School,0,29,0.00%
2011873,Aghadrumsee Primary School,0,40,0.00%
2011879,Newtownbutler Primary School,0,53,0.00%
2011881,Florencecourt Primary School,0,124,0.00%
2011893,Ballinamallard Primary School,12,160,7.50%
2011894,Brookeborough Primary School,0,71,0.00%
2011899,Derrygonnelly Primary School,0,68,0.00%
2012052,Culmore Primary School,0,70,0.00%
2012087,Bellarena Primary School,0,34,0.00%
2012095,Ballougry Primary School,0,71,0.00%
2012227,Drumahoe Primary School,*,302,*
2012245,Eglinton Primary School,*,215,*
2012261,Newbuildings Primary School,0,204,0.00%
2012298,Ballykelly Primary School,16,315,5.10%
2012344,McClintock Primary School,*,84,*
2012378,Dunmullan Primary School,0,36,0.00%
2012617,Erganagh Primary School,0,40,0.00%
2012638,Edwards Primary School,*,229,*
2012641,Killen Primary School,0,110,0.00%
2012648,Gillygooley Primary School,0,30,0.00%
2012660,Denamona Primary School,*,63,*
2012669,"Queen Elizabeth II Primary School, Omagh",0,45,0.00%
2012671,Langfield Primary School,0,28,0.00%
2012691,Omagh County Primary School,70,337,20.80%
2012707,Dromore Primary School,*,48,*
2012708,Strabane Controlled Primary School,*,281,*
2012711,Donemana Primary School,0,104,0.00%
2016003,Jones Memorial Primary School,11,180,6.10%
2016029,Drumachose Primary School,*,318,*
2016068,Artigarvan Primary School,*,149,*
2016071,Greenhaw Primary School,*,315,*
2016089,Gibson Primary School,24,311,7.70%
2016102,Tempo Primary School,*,104,*
2016124,Ashlea Primary,0,83,0.00%
2016127,Maguiresbridge Primary School,0,115,0.00%
2016151,Irvinestown Primary School,0,161,0.00%
2016152,Enniskillen Model Primary School,58,432,13.40%
2016184,Lack Primary School,0,53,0.00%
2016203,Lisnagelvin Primary School,49,598,8.20%
2016218,Lisbellaw Primary School,0,219,0.00%
2016262,Newtownstewart Model Primary School,*,62,*
2016372,Cumber Claudy Primary School,0,145,0.00%
2016395,Gortin Primary School,0,54,0.00%
2016426,Limavady Central Primary School,9,422,2.10%
2016442,Sion Mills Primary School,0,260,0.00%
2016564,Fountain Primary School,0,113,0.00%
2016645,Bready Jubilee Primary School,*,131,*
2016656,Drumrane Primary School,0,132,0.00%
2016663,Cooley Primary School,*,137,*
2016700,Gaelscoil NeAchitain,0,93,0.00%
2016701,Ardstraw Jubilee Primary School,0,85,0.00%
2030364,Rosemount Primary School,*,346,*
2030373,Nazareth House Primary School,0,253,0.00%
2030381,"Holy Child Primary School, Londonderry",0,256,0.00%
2031828,"St Patrick's Primary School, Mullanaskea",*,207,*
2031863,Tattygar Primary School,*,75,*
2031868,"St Tierney's Primary School, Roslea",*,107,*
2031869,"St Mary's Primary School, Newtownbutler",*,180,*
2031874,"St Patrick's Primary School, Derrygonnelly",*,123,*
2031876,"St Mary's Primary School, Brookeborough",5,57,8.80%
2031880,"St Ninnidh's Primary School, Derrylin",15,133,11.30%
2031884,"St Mary's Primary School, Killesher",0,81,0.00%
2031887,"St John the Baptist Primary School, Enniskillen",0,46,0.00%
2031890,"St Mary's Primary School, Mullymesker",0,132,0.00%
2031895,"St Mary's Primary School, Maguiresbridge",0,95,0.00%
2031897,Killyhommon Primary School,0,73,0.00%
2031898,"St Paul's Primary School, Irvinestown",18,231,7.80%
2031901,"St Ronan's Primary School, Lisnaskea",18,359,5.00%
2032212,Glendermott Primary School,0,154,0.00%
2032263,"St Canice's Primary School, Feeny",*,116,*
2032278,Broadbridge Primary School,*,431,*
2032286,"St Matthew's Primary School, Limavady",0,83,0.00%
2032287,Termoncanice Primary School,21,528,4.00%
2032294,"St Mary's Primary School, Altinure",0,165,0.00%
2032300,Listress Primary School,0,23,0.00%
2032473,Magheralough Primary School,0,23,0.00%
2032573,"St Brigid's Primary School, Altamuskin",0,58,0.00%
2032603,Tummery Primary School,0,44,0.00%
2032607,"St Mary's Primary School, Killyclogher",10,388,2.60%
2032612,"St Matthew's Primary School, Garvaghey",0,27,0.00%
2032628,Knocknagor Primary School,0,68,0.00%
2032639,Drumduff Primary School,0,46,0.00%
2032662,"St Brigid's Primary School, Mountfield",*,38,*
2032676,"St Patrick's Primary School, Gortin",0,83,0.00%
2032677,Drumlish Primary School,0,62,0.00%
2032682,"St Eugene's Primary School, Victoria Bridge",0,62,0.00%
2032683,"St Joseph's Primary School, Glenmornan",0,38,0.00%
2032684,St Lawrence's Primary School,23,262,8.80%
2032685,"St Brigid's Primary School, Cranagh",0,22,0.00%
2032688,"St Eugene's Primary School, Tyrcur",0,31,0.00%
2032694,St Caireall's Primary School,0,92,0.00%
2032700,"St Joseph's Primary School, Drumquin",0,136,0.00%
2032704,Recarson Primary School,0,106,0.00%
2032705,"St Patrick's Primary School, Eskra",*,95,*
2032721,"Sacred Heart Primary School, Tattyreagh",0,80,0.00%
2032722,Altishane Primary School,0,16,0.00%
2032723,Roscavey Primary School,0,58,0.00%
2032724,Loughash Primary School,0,37,0.00%
2032730,"St Columba's Primary School, Clady",0,149,0.00%
2032731,"St Teresa's Primary School, Loughmacrory",6,157,3.80%
2032737,"St Columbkille's Primary School, Carrickmore",6,330,1.80%
2033706,Faughanvale Primary School,0,197,0.00%
2033707,Mullabuoy Primary School,0,82,0.00%
2033708,St Aidan's Primary School Magilligan,0,63,0.00%
2036008,"St Patrick's Primary School, Newtownstewart",*,126,*
2036032,"St John's Primary School, Bligh's Lane",0,563,0.00%
2036045,"St Canice's Primary School, Dungiven",*,326,*
2036069,"St Anne's Primary School, Derry",0,501,0.00%
2036070,"St Joseph's Primary School, Ederney",0,154,0.00%
2036082,"St Colmcilles Primary School, Claudy",0,263,0.00%
2036084,Steelstown Primary School,0,376,0.00%
2036085,St Peter's & St Paul's Primary School,0,42,0.00%
2036090,"St Naile's Primary School, Kinawley",5,95,5.30%
2036094,"St Patrick's Primary School, Castlederg",20,320,6.30%
2036095,"St Mary's Primary School, Cloughcor",0,183,0.00%
2036097,"St Peter's Primary School, Plumbridge",0,77,0.00%
2036105,St Martin's Primary School,0,91,0.00%
2036107,"St Joseph's Primary School, Lisnaskea",0,94,0.00%
2036116,"St Conor's Primary School, Omagh",23,438,5.30%
2036142,"St Brigid's Primary School, Carnhill",0,363,0.00%
2036143,"St Oliver Plunkett Primary School, Strathfoyle",19,222,8.60%
2036149,"St Finlough's Primary School, Sistrakeel",0,79,0.00%
2036153,St Scire's Primary School,0,118,0.00%
2036181,"St Mary's Primary School, Teemore",*,92,*
2036186,"St Dympna's Primary School, Dromore,",10,205,4.90%
2036187,"St John's Primary School, Dernaflaw",0,131,0.00%
2036213,"St Columban's Primary School, Belcoo",*,103,*
2036227,"St Paul's Primary School, Slievemore",*,165,*
2036247,"St Columba's Primary School, Newbuildings",0,63,0.00%
2036258,"St Davog's Primary School, Belleek",*,96,*
2036259,"Sacred Heart Primary School, Trench Road",0,397,0.00%
2036288,Good Shepherd Primary School,94,436,21.60%
2036291,"St Oliver Plunkett Primary School, Beragh",8,104,7.70%
2036356,"St Mary's Primary School, Tempo",0,126,0.00%
2036387,"St Patrick's Primary School, Donemana",0,36,0.00%
2036415,"Our Lady of Lourdes Primary School, Omagh",0,114,0.00%
2036449,"Christ The King Primary School, Omagh",46,202,22.80%
2036458,"St Mary?s Primary School, Gortnaghey",0,71,0.00%
2036459,"St Theresa's Primary School, Glebe",0,101,0.00%
2036461,"St Therese's Primary School, Lenamore",0,366,0.00%
2036465,Chapel Road Primary School,10,207,4.80%
2036472,"Holy Family Primary School, Ballymagroarty",0,491,0.00%
2036473,"St Eithne's Primary School, Ballymagroarty",*,418,*
2036475,Longtower Primary School,5,269,1.90%
2036533,Hollybush Primary School,11,450,2.40%
2036555,"St Eugene's Primary School, Londonderry",*,163,*
2036557,All Saints Primary School,0,110,0.00%
2036574,Bunscoil Cholmcille,0,108,0.00%
2036581,"St Patrick's Primary School, Pennyburn",0,867,0.00%
2036632,"Holy Trinity Primary School, Enniskillen",101,705,14.30%
2036659,"St Macartan's Primary School, Roslea",0,121,0.00%
2036674,"Holy Family Primary School, Omagh",43,384,11.20%
2036696,"St Mary's Primary School, Strabane",22,745,3.00%
2036703,St Catherine?s Primary School,17,500,3.40%
2046638,Gaelscoil U? Dhochartaigh,0,170,0.00%
2046646,Gaelscoil Eadain Mhoir,0,149,0.00%
2046669,Bunscoil an Traonaigh,0,44,0.00%
2046677,Gaelscoil na gCrann,0,157,0.00%
2046687,Gaelscoil na Daroige,0,66,0.00%
2046689,Gaelscoil Leim an Mhadaidh,0,82,0.00%
2052035,Groarty Primary School,0,41,0.00%
2066549,Enniskillen Integrated Primary School,23,337,6.80%
2066552,Omagh Integrated Primary School,30,348,8.60%
2066558,Oakgrove Integrated Primary School,28,452,6.20%
2066665,Roe Valley Integrated Primary School,*,188,*
3010404,Tildarg Primary School,0,80,0.00%
3010466,Longstone Primary School,0,32,0.00%
3010470,Carnalbanagh Primary School,0,26,0.00%
3010486,Larne and Inver Primary School,6,200,3.00%
3010553,Carrickfergus Model Primary School,31,400,7.80%
3010558,Duneane Primary School,0,31,0.00%
3010570,Straid Primary School,0,66,0.00%
3010572,Carrowreagh Primary School,0,87,0.00%
3010594,Garryduff Primary School,0,76,0.00%
3010631,Ballyclare Primary School,*,523,*
3010642,Parkgate Primary School,0,64,0.00%
3010646,Olderfleet Primary School,9,181,5.00%
3010696,Woodburn Primary School,0,190,0.00%
3010714,Buick Memorial Primary School,*,320,*
3010726,Dunseverick Primary School,0,102,0.00%
3010741,Creavery Primary School,0,80,0.00%
3010745,Loanends Primary School,0,204,0.00%
3010754,Doagh Primary School,0,87,0.00%
3010779,Thompson Primary School,0,189,0.00%
3010780,Kirkinriola Primary School,*,36,*
3010781,Harryville Primary School,31,129,24.00%
3010785,"Eden Primary School, Carrickfergus",0,210,0.00%
3010787,Lislagan Primary School,0,113,0.00%
3010794,Gracehill Primary School,9,432,2.10%
3010795,Landhead Primary School,0,63,0.00%
3010796,"Eden Primary School, Ballymoney",*,66,*
3010802,Ballynure Primary School,0,139,0.00%
3010804,Straidbilly Primary School,0,108,0.00%
3010808,Glynn Primary School,0,79,0.00%
3010809,Ballycarry Primary School,*,92,*
3010816,Randalstown Central Primary School,*,187,*
3010817,Greenisland Primary School,0,399,0.00%
3010818,Moorfields Primary School,*,184,*
3010822,Groggan Primary School,0,130,0.00%
3010825,Carnaghts Primary School,0,110,0.00%
3010826,The Diamond Primary School,0,141,0.00%
3010827,Whitehouse Primary School,14,461,3.00%
3010828,Kilbride Primary School,5,140,3.60%
3010829,Antrim Primary School,17,606,2.80%
3010834,Clough Primary School,0,168,0.00%
3010835,Kells & Connor Primary School,*,189,*
3010841,Carrickfergus Central Primary School,*,76,*
3010842,The William Pinkerton Memorial Primary School,0,91,0.00%
3010846,Whiteabbey Primary School,9,411,2.20%
3010847,Portrush Primary School,13,189,6.90%
3010850,Upper Ballyboley Primary School,0,42,0.00%
3010860,Sunnylands Primary School,*,167,*
3010862,Abbots Cross Primary School,5,315,1.60%
3010870,Moyle Primary School,11,407,2.70%
3010873,Bushmills Primary School,*,111,*
3010874,Whitehead Primary School,8,444,1.80%
3010875,Ballymena Primary School,66,296,22.30%
3010878,Kilmoyle Primary School,0,81,0.00%
3010879,Straidhavern Primary School,0,52,0.00%
3010880,"Kings Park Primary School, Newtownabbey",0,393,0.00%
3010883,Linn Primary School,0,413,0.00%
3010891,Fourtowns Primary School,*,294,*
3010892,Ballytober Primary School,0,87,0.00%
3010893,Knockahollet Primary School,0,96,0.00%
3010895,Rathcoole Primary School,*,125,*
3012049,Carnalridge Primary School,0,184,0.00%
3012065,Culcrow Primary School,0,99,0.00%
3012225,Damhead Primary School,0,206,0.00%
3012229,Hezlett Primary School,0,248,0.00%
3012233,Tobermore Primary School,0,52,0.00%
3012234,Ampertaine Primary School,*,126,*
3012237,"Killowen Primary School, Coleraine",12,201,6.00%
3012250,Portstewart Primary School,16,278,5.80%
3012264,Millburn Primary School,22,351,6.30%
3012267,Magherafelt Controlled Primary School,17,242,7.00%
3012269,Kilrea Primary School,0,90,0.00%
3012282,Culnady Primary School,0,26,0.00%
3012284,D H Christie Memorial Primary School,26,425,6.10%
3012288,Castleroe Primary School,*,110,*
3012290,Bellaghy Primary School,*,55,*
3012291,Maghera Primary School,*,100,*
3013301,Carnmoney Primary School,*,408,*
3013310,Broughshane Primary School,*,339,*
3013315,Ballykeel Primary School,0,433,0.00%
3013322,Camphill Primary School,9,392,2.30%
3013323,Mossgrove Primary School,19,295,6.40%
3013325,Leaney Primary School,0,282,0.00%
3013330,"Victoria Primary School, Carrickfergus",6,464,1.30%
3013331,Ballycraigy Primary School,*,140,*
3013332,Toreagh Primary School,0,102,0.00%
3013700,Macosquin Primary School,0,204,0.00%
3013703,Kilross Primary School,0,40,0.00%
3013704,Castledawson Primary School,0,94,0.00%
3016005,Silverstream Primary School,6,144,4.20%
3016014,Templepatrick Primary School,0,456,0.00%
3016015,Mossley Primary School,0,622,0.00%
3016037,Greystone Primary School,8,197,4.10%
3016038,Hollybank Primary School,*,143,*
3016040,Armoy Primary School,0,89,0.00%
3016052,Harpurs Hill Primary School,*,220,*
3016055,Gorran Primary School,0,81,0.00%
3016058,Parkhall Primary School,5,202,2.50%
3016063,Dunclug Primary School,0,67,0.00%
3016119,Garvagh Primary School,0,79,0.00%
3016125,Rasharkin Primary School,*,71,*
3016129,Carniny Primary School,*,287,*
3016170,Ballyhenry Primary School,8,159,5.00%
3016225,Woodlawn Primary School,*,267,*
3016244,Ashgrove Primary,7,357,2.00%
3016249,Earlview Primary,*,224,*
3016252,Ballysally Primary School,0,266,0.00%
3016257,Oakfield Primary School,*,328,*
3016260,Cloughmills Primary School,*,65,*
3016264,Irish Society's Primary School,11,299,3.70%
3016269,Cairncastle Primary School,0,115,0.00%
3016283,Knockloughrim Primary School,0,111,0.00%
3016414,Fairview Primary School,0,531,0.00%
3016440,Portglenone Primary School,0,118,0.00%
3016444,Hazelbank Primary School,0,114,0.00%
3016447,Balnamore Primary School,0,103,0.00%
3016594,Bushvalley Primary School,0,144,0.00%
3016705,Islandmagee Primary School,0,109,0.00%
3030434,Creggan Primary School,0,117,0.00%
3030438,Millquarter Primary School,0,135,0.00%
3030547,"St Patrick's Primary School, Portrush",11,79,13.90%
3030588,"St Mary's Primary School, Rathlin",0,10,0.00%
3030621,"St Mary's Primary School, Portglenone",6,222,2.70%
3030688,Mount St Michael's Primary School,53,471,11.30%
3030708,Glenann Primary School,0,68,0.00%
3030719,St Olcan's Primary School,0,80,0.00%
3030800,Barnish Primary School,0,45,0.00%
3030815,Moneynick Primary School,*,63,*
3030832,"St Comgall's Primary School, Antrim",132,534,24.70%
3030848,St Macnisius' Primary School,*,35,*
3030890,"St Brigid's Primary School, Cloughmills",*,69,*
3030894,"St Mary's Primary School, Cushendall",11,182,6.00%
3030898,"St Anne's Primary School, Ballymena",*,64,*
3030899,"Seaview Primary School, Glenarm",0,40,0.00%
3030900,"St Anthony's Primary School, Larne",*,101,*
3032018,"St Brigid's Primary School, Tirkane",*,205,*
3032104,Ballyhackett Primary School,0,44,0.00%
3032109,New Row Primary School,6,174,3.40%
3032185,St Trea's Primary School,*,114,*
3032197,Knocknagin Primary School,0,63,0.00%
3032202,"St Columba's Primary School, Garvagh",0,104,0.00%
3032205,"St Columb's Primary School, Magherafelt",0,87,0.00%
3032218,Crossroads Primary School,0,121,0.00%
3032231,"St Colum's Primary School, Portstewart",11,177,6.20%
3032246,"St John Bosco Primary School, Ballynease",0,120,0.00%
3032257,Anahorish Primary School,0,175,0.00%
3032268,"St Columba's Primary School, Straw",0,186,0.00%
3032271,St Eoghan's Primary School,0,121,0.00%
3032273,"St Mary's Primary School, Draperstown",22,218,10.10%
3032274,"St John's Primary School, Swatragh",0,206,0.00%
3032275,Greenlough Primary School (St Mary's),14,186,7.50%
3032281,"St Mary's Primary School, Bellaghy",*,219,*
3032285,St Patrick's & St Joseph's Primary School,0,177,0.00%
3032297,"St Malachy's Primary School, Coleraine",66,224,29.50%
3033303,"St Oliver Plunkett Primary School, Antrim",11,212,5.20%
3033304,Tir-na-Nog Primary School,0,24,0.00%
3033313,"St Bernard's Primary School, Newtownabbey",34,640,5.30%
3033317,"St John's Primary School, Carnlough",*,168,*
3033320,"St Patrick's Primary School, Rasharkin",30,222,13.50%
3033326,"St Brigid's Primary School, Ballymoney",16,203,7.90%
3033709,"St John's Primary School, Coleraine",42,157,26.80%
3036026,"St Joseph's Primary School, Crumlin",12,685,1.80%
3036039,"St Mary's Primary School, Glenview",19,242,7.90%
3036046,St Mary's-on-The-Hill Primary School,32,378,8.50%
3036050,"St Joseph's Primary School, Antrim",78,316,24.70%
3036100,"St James' Primary School and Nursery Unit, Newtownabbey",68,317,21.50%
3036103,"St Brigid's Primary School, Knockloughrim",*,260,*
3036131,"St Patrick's Primary School, Glenariffe",0,110,0.00%
3036139,"St Macnissi's Primary School, Newtownabbey",*,201,*
3036147,"St Columba's Primary School, Kilrea",38,247,15.40%
3036154,"St Patrick's Primary School, Loughgiel",0,194,0.00%
3036243,"St Joseph's Primary School, Dunloy",14,318,4.40%
3036268,St Ciaran's Primary School,*,44,*
3036292,"St Patrick's Primary School, Glen",0,189,0.00%
3036559,St Patrick's & St Brigid's Primary School,24,366,6.60%
3036562,"Holy Family Primary School, Magherafelt",148,591,25.00%
3036563,"St Nicholas' Primary School, Carrickfergus",28,178,15.70%
3036575,"St Macnissi's Primary School, Larne",5,222,2.30%
3036666,"St Colmcille's Primary School, Ballymena",70,383,18.30%
3036679,"St Brigid's Primary School, Ballymena",139,407,34.20%
3036683,"St Paul's Primary School, Ahoghill",*,74,*
3036704,Mary Queen of Peace Primary School,0,237,0.00%
3042162,Desertmartin Primary School,*,20,*
3046653,Gaelscoil an Chaistil,0,113,0.00%
3046678,Gaelscoil na Sp?ir?n?,0,49,0.00%
3046684,Gaelscoil Ghleann Darach,0,74,0.00%
3046685,Gaelscoil Eanna,6,174,3.40%
3046691,Gaelscoil an tSeancha?,6,132,4.50%
3050519,Carnlough Controlled Integrated Primary School,0,32,0.00%
3050791,Glengormley Integrated Primary School,56,350,16.00%
3050859,Crumlin Controlled Intergrated Primary School,0,166,0.00%
3050866,Ballymoney Controlled Integrated Primary School,9,355,2.50%
3052071,Carhill Integrated Primary School,*,71,*
3053333,Ballycastle Integrated Primary School,0,202,0.00%
3056231,Six Mile Integrated Primary School,12,105,11.40%
3056248,Round Tower Integrated Primary School,39,286,13.60%
3056708,Mallusk Controlled Integrated Primary School,*,21,*
3066544,Millstrand Integrated Primary School,7,245,2.90%
3066551,Braidside Integrated Primary School,*,314,*
3066561,Corran Integrated Primary School,*,159,*
3066568,Acorn Integrated Primary School,*,224,*
3066613,Spires Integrated Primary School,*,193,*
3066652,Maine Integrated Primary School,6,120,5.00%
4010512,McKinney Primary School Dundrod,0,154,0.00%
4010720,Ballycarrickmaddy Primary School,*,180,*
4010743,Largymore Primary School,*,176,*
4010762,Brownlee Primary School,11,200,5.50%
4010788,Dunmurry Primary School,31,212,14.60%
4010807,Lisburn Central Primary School,39,220,17.70%
4010882,Seymour Hill Primary School,22,236,9.30%
4010885,Tonagh Primary School,10,240,4.20%
4011265,Ballyvester Primary School,0,123,0.00%
4011300,Grey Abbey Primary School,0,93,0.00%
4011310,Carrickmannon Primary School,0,103,0.00%
4011345,Newtownards Model Primary School,9,410,2.20%
4011373,Kirkistown Primary School,6,81,7.40%
4011462,Castle Gardens Primary School,*,255,*
4011488,"Victoria Primary School, Ballyhalbert",0,141,0.00%
4011507,Portavogie Primary School,*,261,*
4011566,Ballywalter Primary School,*,168,*
4011567,Ballynahinch Primary School,*,220,*
4011578,Derryboy Primary School,0,81,0.00%
4011584,Carr Primary School,*,70,*
4011587,Dundonald Primary School,74,846,8.70%
4011588,Comber Primary School,*,388,*
4011599,Castlewellan Primary School,*,51,*
4011606,Gilnahirk Primary School,*,422,*
4011608,Anahilt Primary School,0,141,0.00%
4011619,Dromara Primary School,*,181,*
4011631,Holywood Primary School,8,458,1.70%
4011632,Cregagh Primary School,9,178,5.10%
4011645,Crawfordsburn Primary School,0,210,0.00%
4011646,"Victoria Primary School, Newtownards",15,560,2.70%
4011650,Ballyholme Primary School,0,628,0.00%
4011654,Donaghadee Primary School,*,459,*
4011657,Lisnasharragh Primary School,16,334,4.80%
4011670,Clandeboye Primary School,26,331,7.90%
4011674,Knockbreda Primary School,*,195,*
4011681,Millisle Primary School,0,227,0.00%
4011683,Braniel Primary School,22,437,5.00%
4011698,Newcastle Primary School,12,187,6.40%
4011699,Moneyrea Primary School,0,209,0.00%
4013013,Belvoir Park Primary School,20,296,6.80%
4013023,Bloomfield Primary School,7,447,1.60%
4013024,Cairnshill Primary School,25,544,4.60%
4013038,Tullycarnet Primary School,*,46,*
4013043,Lead Hill Primary School,12,140,8.60%
4013044,Carryduff Primary School,10,203,4.90%
4013045,Grange Park Primary School,0,410,0.00%
4013046,Alexander Dickson Primary School,*,85,*
4013305,"Harmony Hill Primary School, Lisburn",37,632,5.90%
4013334,Knockmore Primary School,*,192,*
4016002,Kilcooley Primary School,0,178,0.00%
4016004,Londonderry Primary School,*,396,*
4016020,Carrowdore Primary School,0,176,0.00%
4016067,Rathmore Primary School,0,639,0.00%
4016083,West Winds Primary School,6,186,3.20%
4016104,Moira Primary School,9,406,2.20%
4016111,Towerview Primary School,*,430,*
4016123,Spa Primary School,0,186,0.00%
4016126,Andrews Memorial Primary School,5,334,1.50%
4016144,Old Warren Primary School,9,159,5.70%
4016145,"Killowen Primary School, Lisburn",17,464,3.70%
4016192,Kilmaine Primary School,0,678,0.00%
4016201,Academy Primary School,0,447,0.00%
4016202,Ballinderry Primary School,*,252,*
4016235,Downpatrick Primary School,9,213,4.20%
4016396,Killinchy Primary School,*,358,*
4016399,Abbey Primary School,*,598,*
4016401,Pond Park Primary School,47,621,7.60%
4016417,Maghaberry Primary School,*,275,*
4016430,Ballymagee Primary School,*,428,*
4016441,Ballymacash Primary School,21,435,4.80%
4016503,Brooklands Primary School,12,556,2.20%
4016615,Riverdale Primary School,0,206,0.00%
4016636,Meadow Bridge Primary School,*,289,*
4016649,"Downshire Primary School,Hillsborough",*,649,*
4016650,Cumran Primary School,*,192,*
4016681,Glasswater Primary School,0,97,0.00%
4030573,Ballymacward Primary School,0,66,0.00%
4030823,Ballymacrickett Primary School,6,393,1.50%
4030897,"St Joseph's Primary School, Lisburn",50,385,13.00%
4031231,"St Joseph's Primary School, Ballycruttle",0,53,0.00%
4031328,"Christ The King Primary School, Ballynahinch",*,112,*
4031350,"St Malachy's Primary School, Kilclief",0,75,0.00%
4031485,St Caolan's Primary School,0,67,0.00%
4031526,"St Patrick's Primary School, Saul",*,183,*
4031531,"St Francis' Primary School, Drumaroad",0,94,0.00%
4031550,"St Joseph's Primary School, Crossgar",*,89,*
4031628,"St Patrick's Primary School, Holywood",22,295,7.50%
4031660,"St Joseph's Primary School, Carryduff",9,483,1.90%
4031662,"St Mary's Primary School, Comber",13,71,18.30%
4031663,"St Joseph's Primary School, Carnacaville",0,195,0.00%
4031665,"St Patrick's Primary School, Ballynahinch",24,282,8.50%
4031671,"St Patrick's Primary School, Castlewellan",0,69,0.00%
4031672,"St Mary's Primary School, Saintfield",0,57,0.00%
4031673,"St Mary's Primary School, Ardglass",0,83,0.00%
4031676,"St Bernard's Primary School, Belfast",20,429,4.70%
4033002,"St Mary's Primary School, Aughlisnafin",0,167,0.00%
4033005,"St Joseph's Primary School, Strangford",0,56,0.00%
4033007,"St Macartan's Primary School, Downpatrick",0,197,0.00%
4033008,"St Anne's Primary School, Donaghadee",6,43,14.00%
4033012,The Holy Family Primary School,0,199,0.00%
4033017,St Finian's Primary School,23,141,16.30%
4033028,"St Patrick's Primary School, Portaferry",0,115,0.00%
4033036,"St Mary's Primary School, Killyleagh",9,85,10.60%
4033037,"St Joseph's Primary School, Tyrella",0,80,0.00%
4033040,"St Brigid's Primary School, Downpatrick",*,278,*
4033306,St Aloysius Primary School,106,444,23.90%
4033307,"St Colman's Primary School, Lisburn",0,395,0.00%
4036016,"St Joseph's Primary School, Killough",0,59,0.00%
4036036,"St Malachy's Primary School, Kilcoo",0,173,0.00%
4036113,"St Nicholas' Primary School, Ardglass",0,123,0.00%
4036133,"Sacred Heart Primary School, Dundrum",0,43,0.00%
4036146,"St Comgall's Primary School, Bangor",12,309,3.90%
4036148,"St Malachy's Primary School, Bangor",21,430,4.90%
4036182,"St Colmcille's Primary School, Downpatrick",6,214,2.80%
4036285,The Good Shepherd Primary School,*,311,*
4036428,"St Mary's Primary School, Kircubbin",*,154,*
4036454,"St Malachy's Primary School, Castlewellan",18,375,4.80%
4036455,"St Patrick's Primary School, Legamaddy",0,151,0.00%
4036480,St Kieran's Primary School,0,407,0.00%
4036530,"St Mary's Primary School, Portaferry",0,205,0.00%
4036591,Our Lady Queen of Peace Primary School,*,408,*
4036618,Christ the Redeemer Primary School,0,679,0.00%
4036635,"St Mary's Primary School, Newcastle",10,412,2.40%
4036642,St Ita's Primary School,14,661,2.10%
4036693,Our Lady and St Patrick Primary School,*,466,*
4036702,Holy Evangelist Primary School,0,585,0.00%
4046600,Scoil na Fuiseoige,0,132,0.00%
4046648,Bunscoil Bheanna Boirche,0,98,0.00%
4051569,Kircubbin Integrated Primary School,*,204,*
4051601,Portaferry Integrated Primary School,0,63,0.00%
4051680,Bangor Central Integrated Primary School,35,607,5.80%
4053009,Annsborough Primary School,0,39,0.00%
4053020,Glencraig Integrated Primary School,0,215,0.00%
4053308,Fort Hill Integrated Primary School,27,231,11.70%
4056541,All Childrens Integrated Primary School,0,209,0.00%
4056709,Killyleagh Primary School,13,99,13.10%
4056710,Loughries Primary School,0,71,0.00%
4066579,Loughview Integrated Primary School,13,467,2.80%
4066588,Cedar Integrated Primary School,0,215,0.00%
4066611,Oakwood Integrated Primary School,*,201,*
4066644,Millennium Integrated Primary School,7,337,2.10%
4066668,Drumlins Integrated Primary School,*,183,*
4066682,Rowandale Integrated Primary School,7,243,2.90%
4610063,Regent House Prep Dept,0,86,0.00%
4620044,"Sullivan Upper School, Prep Dept",0,188,0.00%
4620050,Friend's School Prep Dept,*,160,*
4620051,"Wallace High School, Prep Dept",*,126,*
5010909,Foley County Primary School,0,53,0.00%
5010992,Lurgan Model Primary School,48,223,21.50%
5011019,Mullaglass Primary School,0,82,0.00%
5011095,Mullavilly Primary School,*,138,*
5011112,Hardy Memorial Primary School,23,432,5.30%
5011115,Armstrong Primary School,72,514,14.00%
5011116,Tandragee Primary School,7,341,2.10%
5011117,Drumsallen Primary School,0,23,0.00%
5011119,Darkley Primary School,*,71,*
5011124,"Kings Park Primary School, Lurgan",102,739,13.80%
5011127,"Carrick Primary School, Lurgan",109,465,23.40%
5011129,Hart Memorial Primary School,94,445,21.10%
5011132,Killylea Primary School,*,59,*
5011137,Newtownhamilton Primary School,12,68,17.60%
5011142,Clare Primary School,0,146,0.00%
5011152,Kingsmills Primary School,0,38,0.00%
5011153,Lisnadill Primary School,*,100,*
5011157,Derryhale Primary School,7,87,8.00%
5011161,Mountnorris Primary School,0,90,0.00%
5011165,Rich Mount Primary School,14,123,11.40%
5011174,Birches Primary School,0,175,0.00%
5011175,Cortamlet Primary School,0,95,0.00%
5011179,Bessbrook Primary School,8,102,7.80%
5011189,"Edenderry Primary School, Portadown",56,396,14.10%
5011190,Tullygally Primary School,24,192,12.50%
5011520,Dromore Road Primary School,21,92,22.80%
5011575,Dromore Central Primary School,21,689,3.00%
5011594,Abercorn Primary School,15,386,3.90%
5011596,Gilford Primary School,0,91,0.00%
5011598,Waringstown Primary School,*,429,*
5011602,Bleary Primary School,7,133,5.30%
5011611,Iveagh Primary School,*,276,*
5011617,Ballydown Primary School,0,343,0.00%
5011649,Kilkeel Primary School,29,444,6.50%
5011651,Milltown Primary School,0,58,0.00%
5011664,Scarva Primary School,0,85,0.00%
5011684,Annalong Primary School,0,157,0.00%
5011687,Maralin Village Primary School,*,301,*
5012280,Moneymore Primary School,5,232,2.20%
5012538,Churchill Primary School,0,71,0.00%
5012611,Lisfearty Primary School,0,27,0.00%
5012615,Ballytrea Primary School,0,76,0.00%
5012621,Aughnacloy Primary School,0,135,0.00%
5012632,Donaghmore Primary School,0,60,0.00%
5012635,Augher Central Primary,0,85,0.00%
5012636,Moy Regional Primary School,8,75,10.70%
5012643,Stewartstown Primary School,*,49,*
5012646,Howard Primary School,27,324,8.30%
5012649,Coagh Primary School,8,87,9.20%
5012657,Walker Memorial Primary School,0,67,0.00%
5012696,Carntall Primary School,0,72,0.00%
5012719,Newmills Primary School,*,85,*
5012720,Dungannon Primary School,147,267,55.10%
5012726,Cookstown Primary School,69,472,14.60%
5013019,"Edenderry Primary School, Banbridge",5,406,1.20%
5013702,Woods Primary School,*,180,*
5016007,Millington Primary School,109,663,16.40%
5016027,Drumhillery Primary School,*,86,*
5016065,Dickson Primary School,31,222,14.00%
5016078,Poyntzpass Primary School,*,112,*
5016079,The Cope Primary School,0,110,0.00%
5016080,Drumgor Primary School,102,332,30.70%
5016088,Fivemiletown Primary School,21,188,11.20%
5016098,Brackenagh West Primary School,0,171,0.00%
5016117,Ballyoran Primary School,108,270,40.00%
5016138,Bocombra Primary School,28,355,7.90%
5016141,Churchtown Primary School,0,30,0.00%
5016178,Donacloney Primary School,*,249,*
5016179,Hamiltonsbawn Primary School,*,108,*
5016200,"Queen Elizabeth II Primary School, Pomeroy",0,36,0.00%
5016221,Orritor Primary School,0,199,0.00%
5016224,Donaghey Primary School,0,84,0.00%
5016391,Bush Primary School,23,221,10.40%
5016436,Markethill Primary School,11,324,3.40%
5016451,Windsor Hill Primary School,67,225,29.80%
5016543,Moyallon Primary School,0,202,0.00%
5016599,Fair Hill Primary School,*,330,*
5016612,Bronte Primary School,0,196,0.00%
5016616,Drumadonnell Primary School,0,248,0.00%
5016643,Richmond Primary School,*,117,*
5016658,Orchard County Primary School,0,185,0.00%
5016680,Killyman Primary School,0,178,0.00%
5030958,"St John's Primary School, Eglish",0,52,0.00%
5030972,"St Oliver Plunkett's Primary School, Forkhill",*,143,*
5030975,"St Malachy's Primary School, Ballymoyer",0,69,0.00%
5031070,"St Michael's Primary School, N'hamilton",12,71,16.90%
5031080,Clintyclay Primary School,*,33,*
5031086,Clonalig Primary School,*,181,*
5031088,Dromintee Primary School,0,187,0.00%
5031103,Tannaghmore Primary School,9,643,1.40%
5031107,"St Teresa's Primary School, Tullyherron",0,50,0.00%
5031108,Clea Primary School,0,97,0.00%
5031110,Christian Brothers' Primary School,24,516,4.70%
5031126,Mount St Catherine's Primary School,115,227,50.70%
5031130,Cloughoge Primary School,12,449,2.70%
5031133,"St Malachy's Primary School, Armagh",31,206,15.00%
5031135,"St Olivers' Primary School, Carrickravaddy",0,53,0.00%
5031138,"St Joseph's Primary School, Madden",*,135,*
5031146,Anamar Primary School,0,28,0.00%
5031148,"St Patrick's Primary School, Crossmaglen",16,405,4.00%
5031154,Killean Primary School,0,131,0.00%
5031158,"St Patrick's Primary School, Newry",28,450,6.20%
5031160,"St Teresa's Primary School, Lurgan",6,194,3.10%
5031163,"St Brigid's Primary School, G'drummond",*,199,*
5031164,"St Mary's Primary School, Maghery",*,64,*
5031166,"St Michael's Primary School, Clady",0,49,0.00%
5031167,"St James' Primary School, Drumatee",0,15,0.00%
5031168,"St Patrick's Primary School, Aghacommon",9,238,3.80%
5031169,"St Brigid's Primary School, Drumilly",0,121,0.00%
5031172,"St Mary's Primary School, Granemore",*,210,*
5031176,"St Peter's Primary School, Cloughreagh",13,350,3.70%
5031183,"St Patrick's Primary School, Armagh",61,505,12.10%
5031184,"St Anthony's Primary School, Craigavon",103,689,14.90%
5031188,"St Joseph's Primary School, Meigh",7,193,3.60%
5031318,"Killowen Primary School, Rostrevor",0,65,0.00%
5031325,"St Joseph's Primary School, Ballymartin",0,91,0.00%
5031340,"St Joseph's Convent Primary School, Newry",93,497,18.70%
5031516,Moneydarragh Primary School,0,82,0.00%
5031558,Ballyholland Primary School,0,221,0.00%
5031589,Grange Primary School,0,106,0.00%
5031609,"Carrick Primary School, Warenpoint",*,400,*
5031653,"St Matthew's Primary School, Magheramayo",0,78,0.00%
5031667,"St Patrick's Primary School, Maralin",0,141,0.00%
5031669,"St John's Primary School, Gilford",0,121,0.00%
5031694,"Holy Cross Primary School, Kilkeel",0,110,0.00%
5031695,"St Mary's Primary School, Barr",0,152,0.00%
5031697,"St Patrick's Primary School, Mayobridge",17,397,4.30%
5032208,Ballylifford Primary School,0,65,0.00%
5032262,Lissan Primary School,0,125,0.00%
5032306,"St Malachy's Primary School, Glencull",*,58,*
5032387,Derrylatinee Primary School,*,79,*
5032463,Blessed Patrick O'loughran Primary School,9,85,10.60%
5032558,Laghey Primary School,15,91,16.50%
5032585,Edendork Primary School,22,317,6.90%
5032591,Roan St Patrick's Primary School,7,121,5.80%
5032592,"St Mary's Primary School, Lisbuoy",5,80,6.30%
5032624,"St Macartan's Primary School, Clogher",*,61,*
5032678,"St Patrick's Primary School, Donaghmore",20,208,9.60%
5032692,"St Mary's Primary School, Stewartstown",*,88,*
5032697,"St Patrick's Primary School, Aughadarragh",0,78,0.00%
5032698,"St Brigid's Primary School, Mountjoy",*,128,*
5032699,"St Mary's Primary School, Dunamore",0,189,0.00%
5032703,"St Peters' Primary School, Moortown",0,195,0.00%
5032713,Derrychrin Primary School,0,159,0.00%
5032714,"Holy Family Primary School, Aughamullan",7,64,10.90%
5032715,"St John's Primary School, Moy",61,188,32.40%
5032717,"St Patrick's Primary School, Mullinahoe",0,232,0.00%
5032727,"St Brigid's Primary School, Augher",*,17,*
5032729,"St John's Primary School, Kingisland",0,134,0.00%
5032734,"St Mary's Primary School, Cabra",8,199,4.00%
5032735,"St Mary's Primary School, Ballygawley",13,119,10.90%
5032736,"St Mary's Primary School, Fivemiletown",*,28,*
5033003,"St Paul's Primary School, Cabra",*,84,*
5033004,"St Mary's Primary School, Rathfriland",11,116,9.50%
5033006,"St Michael's Primary School, Finnis",*,76,*
5033011,"St Mary's Primary School, Dechomet",0,83,0.00%
5033025,"St Patrick's Primary School, Ballymaghery",7,327,2.10%
5033324,"St Patrick's Primary School, Derrynaseer",0,102,0.00%
5036000,"St Colman's Primary School, Dromore",5,106,4.70%
5036001,"St Mary's Primary School, Glassdrumman",0,35,0.00%
5036006,"St Mary's Primary School, Derrymore",*,167,*
5036009,"St Mary's Primary School, Derrytrasna",0,103,0.00%
5036031,"St Patrick's Primary School, Loup",0,166,0.00%
5036033,"St Joseph's Primary School, Galbally",6,221,2.70%
5036043,"St Mary's Primary School, Banbridge",34,509,6.70%
5036047,"St Patrick's Primary School, Annaghmore",25,233,10.70%
5036057,"St Malachy's Primary School, Drumullan",0,56,0.00%
5036061,"St Colman's Primary School, Annaclone",0,206,0.00%
5036064,"St Malachy's Primary School, C'croppan",5,319,1.60%
5036087,"St Mary's Primary School, Mullaghbawn",*,314,*
5036099,"St Patrick's Primary School, Cullyhanna",*,223,*
5036101,St Brendan's Primary School,65,464,14.00%
5036108,"St Joseph's Primary School, Killeenan",0,108,0.00%
5036110,"St Joseph's Primary School, Bessbrook",20,364,5.50%
5036118,"St Mary's Primary School, Pomeroy",17,181,9.40%
5036120,"St Patrick's Primary School, Moneymore",10,74,13.50%
5036121,St Jarlath's Primary School,27,176,15.30%
5036122,Jonesborough Primary School,*,108,*
5036130,St Laurence O'Toole's Primary School,0,61,0.00%
5036136,"Sacred Heart Primary School, Rock",*,115,*
5036173,"St John the Baptist Primary School, Portadown",75,444,16.90%
5036180,"St Oliver Plunkett's Primary School, Ballyhegan",6,107,5.60%
5036363,"St Mary's Primary School, Aughnacloy",28,103,27.20%
5036400,"St Colman's Primary School, Bann",0,126,0.00%
5036409,"St Ronan's Primary School, Newry",48,397,12.10%
5036433,"St Malachy's Primary School, Carnagat",59,300,19.70%
5036457,"St Francis' Primary School, Aghaderg",*,168,*
5036463,"St Joseph's Primary School, Caledon",*,41,*
5036504,"St Patrick's Primary School, Dungannon",670,855,78.40%
5036545,"St Colmans' Primary School, Kilkeel",7,223,3.10%
5036567,"Holy Trinity Primary School, Cookstown",193,682,28.30%
5036572,"St Colman's Primary School, Saval",0,198,0.00%
5036583,"St Dallan's Primary School, Warrenpoint",53,506,10.50%
5036586,Presentation Primary School,215,282,76.20%
5036590,Primate Dixon Primary School,127,533,23.80%
5036595,"St Peter's Primary School, Collegelands",0,150,0.00%
5036598,"Our Lady's Primary School, Tullysaran",*,165,*
5036605,"St Patrick's Primary School, Drumgreenagh",0,76,0.00%
5036610,St Francis' of  Assisi Primary School,37,170,21.80%
5036622,"St John's Primary School, Middletown",*,196,*
5036633,"St Francis' Primary School, Lurgan",63,813,7.70%
5036634,"St Clare's Abbey Primary School, Newry",143,500,28.60%
5036639,Our Lady's and St Mochua's Primary School,0,187,0.00%
5036673,St Bronagh's Primary School,*,187,*
5036675,St Joseph's and St James' Primary School,*,137,*
5046137,Seagoe Primary School,33,360,9.20%
5046241,Drelincourt Infants School,17,26,65.40%
5046597,Bunscoil an Iuir,*,89,*
5046637,Gaelscoil U? Neill,0,181,0.00%
5046692,Gaelscoil Na mBeann,5,54,9.30%
5046695,Gaelscoil Aodha Rua,0,106,0.00%
5046699,Gaelscoil Eoghain,*,102,*
5056013,Kilbroney Integrated Primary School,*,155,*
5066540,Bridge Integrated Primary School,5,413,1.20%
5066553,Portadown Integrated Primary School,39,359,10.90%
5066554,Windmill Integrated Primary School,48,248,19.40%
5066578,Saints & Scholars Int Primary School,17,239,7.10%
5066657,Phoenix Integrated Primary School,18,215,8.40%
5620263,Royal School,0,56,0.00%
